ID,Scenario,alt,chosen,RC,OC,DR,CT,P1,P2,P1_V,P2_V,Freq_p_week,Dis_p_day,AT2,experience_months
R_2xESOZsu1b0DK9W,R2.4s,1,1,3000,43,550,12,,,,,6,275,4,219
R_2xESOZsu1b0DK9W,R2.4s,3,0,3150, ,400,16.5,0.7,0.3,20,24,6,275,4,219
R_2xESOZsu1b0DK9W,R2.4r,1,1,3000,43,550,12,,,,,6,275,4,219
R_2xESOZsu1b0DK9W,R2.4r,3,0,3150, ,400,16.5,0.7,0.3,18,26,6,275,4,219
R_1dAi96dvpP4rxJ1,R2.5s,1,1,3000,30,800,5.5,,,,,4,275,4,54
R_1dAi96dvpP4rxJ1,R2.5s,3,0,3150, ,550,8,0.9,0.1,13,17,4,275,4,54
R_1dAi96dvpP4rxJ1,R2.5r,1,1,3000,30,800,5.5,,,,,4,275,4,54
R_1dAi96dvpP4rxJ1,R2.5r,3,0,3150, ,550,8,0.9,0.1,11,19,4,275,4,54
R_23V6WTC693E94Og,R2.2s,1,0,3000,39,600,11,,,,,6,275,4,156
R_23V6WTC693E94Og,R2.2s,3,1,3150, ,400,16.5,0.3,0.7,18,22,6,275,4,156
R_23V6WTC693E94Og,R2.2r,1,0,3000,39,600,11,,,,,6,275,4,156
R_23V6WTC693E94Og,R2.2r,3,1,3150, ,400,16.5,0.3,0.7,16,24,6,275,4,156
R_1IyLwEpuNVYBvPp,R2.1s,1,1,3000,23,850,6.5,,,,,6,225,4,156
R_1IyLwEpuNVYBvPp,R2.1s,3,0,3150, ,600,9,0.1,0.9,10,14,6,225,4,156
R_1IyLwEpuNVYBvPp,R2.1r,1,1,3000,23,850,6.5,,,,,6,225,4,156
R_1IyLwEpuNVYBvPp,R2.1r,3,0,3150, ,600,9,0.1,0.9,8,16,6,225,4,156
R_116lQQNL0eDcDhB,R1.5s,1,1,3000,45,550,11.5,,,,,7,225,4,300
R_116lQQNL0eDcDhB,R1.5s,3,0,3450, ,350,18,0.9,0.1,12,16,7,225,4,300
R_116lQQNL0eDcDhB,R1.5r,1,1,3000,45,550,11.5,,,,,7,225,4,300
R_116lQQNL0eDcDhB,R1.5r,3,0,3450, ,350,18,0.9,0.1,10,18,7,225,4,300
R_3RfOLQbftXNFAdQ,R1.3s,1,1,3000,18,850,4,,,,,5,175,4,54
R_3RfOLQbftXNFAdQ,R1.3s,3,0,3300, ,500,7,0.5,0.5,9,13,5,175,4,54
R_3RfOLQbftXNFAdQ,R1.3r,1,1,3000,18,850,4,,,,,5,175,4,54
R_3RfOLQbftXNFAdQ,R1.3r,3,0,3300, ,500,7,0.5,0.5,7,15,5,175,4,54
R_1QH55CS8w4P9JoK,R2.1s,1,1,4200,39,600,11,,,,,6,275,4,219
R_1QH55CS8w4P9JoK,R2.1s,3,0,4400, ,400,16.5,0.1,0.9,18,22,6,275,4,219
R_1QH55CS8w4P9JoK,R2.1r,1,1,4200,39,600,11,,,,,6,275,4,219
R_1QH55CS8w4P9JoK,R2.1r,3,0,4400, ,400,16.5,0.1,0.9,16,24,6,275,4,219
R_27jK07nVE2GTWlK,R2.2s,1,1,1800,21,850,4,,,,,5,175,3,96
R_27jK07nVE2GTWlK,R2.2s,3,0,1900, ,600,6,0.3,0.7,9,13,5,175,3,96
R_27jK07nVE2GTWlK,R2.2r,1,1,1800,21,850,4,,,,,5,175,3,96
R_27jK07nVE2GTWlK,R2.2r,3,0,1900, ,600,6,0.3,0.7,7,15,5,175,3,96
R_2V1JuOHs3yzzfpE,R2.5s,1,1,1800,41,600,11,,,,,6,275,4,96
R_2V1JuOHs3yzzfpE,R2.5s,3,0,1900, ,400,16.5,0.9,0.1,19,23,6,275,4,96
R_2V1JuOHs3yzzfpE,R2.5r,1,1,1800,41,600,11,,,,,6,275,4,96
R_2V1JuOHs3yzzfpE,R2.5r,3,0,1900, ,400,16.5,0.9,0.1,17,25,6,275,4,96
R_1OCtfTSMmVkf6Ey,R1.5s,1,0,2100,32,550,9,,,,,7,175,4,156
R_1OCtfTSMmVkf6Ey,R1.5s,3,1,2500, ,350,14,0.9,0.1,9,13,7,175,4,156
R_1OCtfTSMmVkf6Ey,R1.5r,1,0,2100,32,550,9,,,,,7,175,4,156
R_1OCtfTSMmVkf6Ey,R1.5r,3,1,2500, ,350,14,0.9,0.1,7,15,7,175,4,156
R_3n7Mh73lWka72e8,R2.3s,1,1,2100,26,850,6.5,,,,,6,225,4,156
R_3n7Mh73lWka72e8,R2.3s,3,0,2200, ,600,9,0.5,0.5,11,15,6,225,4,156
R_3n7Mh73lWka72e8,R2.3r,1,1,2100,26,850,6.5,,,,,6,225,4,156
R_3n7Mh73lWka72e8,R2.3r,3,0,2200, ,600,9,0.5,0.5,9,17,6,225,4,156
R_1jji3KY2p2fQg0D,R1.1s,1,1,1500,38,600,7.5,,,,,5,225,2,54
R_1jji3KY2p2fQg0D,R1.1s,3,0,1650, ,350,13,0.1,0.9,12,16,5,225,2,54
R_1jji3KY2p2fQg0D,R1.1r,1,1,1500,38,600,7.5,,,,,5,225,2,54
R_1jji3KY2p2fQg0D,R1.1r,3,0,1650, ,350,13,0.1,0.9,10,18,5,225,2,54
R_DvgqC91PBaBRFvP,R2.4s,1,1,2100,22,800,5.5,,,,,6,175,4,156
R_DvgqC91PBaBRFvP,R2.4s,3,0,2200, ,550,7.5,0.7,0.3,9,13,6,175,4,156
R_DvgqC91PBaBRFvP,R2.4r,1,1,2100,22,800,5.5,,,,,6,175,4,156
R_DvgqC91PBaBRFvP,R2.4r,3,0,2200, ,550,7.5,0.7,0.3,7,15,6,175,4,156
R_3xFmkCwzpMQjY4N,R2.1s,1,1,1800,34,600,9,,,,,6,225,3,276
R_3xFmkCwzpMQjY4N,R2.1s,3,0,1900, ,400,13.5,0.1,0.9,15,19,6,225,3,276
R_3xFmkCwzpMQjY4N,R2.1r,1,1,1800,34,600,9,,,,,6,225,3,276
R_3xFmkCwzpMQjY4N,R2.1r,3,0,1900, ,400,13.5,0.1,0.9,13,21,6,225,3,276
R_3OS9o5LAwaDe6Qh,R2.3s,1,1,1800,26,850,6.5,,,,,6,225,4,156
R_3OS9o5LAwaDe6Qh,R2.3s,3,0,1900, ,600,9,0.5,0.5,11,15,6,225,4,156
R_3OS9o5LAwaDe6Qh,R2.3r,1,1,1800,26,850,6.5,,,,,6,225,4,156
R_3OS9o5LAwaDe6Qh,R2.3r,3,0,1900, ,600,9,0.5,0.5,9,17,6,225,4,156
R_2qEmjJ6gpiP6dEu,R2.2s,1,1,2400,39,600,11,,,,,6,275,3,219
R_2qEmjJ6gpiP6dEu,R2.2s,3,0,2500, ,400,16.5,0.3,0.7,18,22,6,275,3,219
R_2qEmjJ6gpiP6dEu,R2.2r,1,1,2400,39,600,11,,,,,6,275,3,219
R_2qEmjJ6gpiP6dEu,R2.2r,3,0,2500, ,400,16.5,0.3,0.7,16,24,6,275,3,219
R_AyvZSxoq2V7kE6Z,R1.2s,1,0,2100,45,550,10,,,,,6,225,4,54
R_AyvZSxoq2V7kE6Z,R1.2s,3,1,2300, ,350,15.5,0.3,0.7,12,16,6,225,4,54
R_AyvZSxoq2V7kE6Z,R1.2r,1,0,2100,45,550,10,,,,,6,225,4,54
R_AyvZSxoq2V7kE6Z,R1.2r,3,1,2300, ,350,15.5,0.3,0.7,10,18,6,225,4,54
R_cMuqDPJlgPjs6Nr,R2.5s,1,1,2100,55,550,14,,,,,7,275,4,54
R_cMuqDPJlgPjs6Nr,R2.5s,3,0,2200, ,400,19.5,0.9,0.1,26,30,7,275,4,54
R_cMuqDPJlgPjs6Nr,R2.5r,1,1,2100,55,550,14,,,,,7,275,4,54
R_cMuqDPJlgPjs6Nr,R2.5r,3,0,2200, ,400,19.5,0.9,0.1,24,32,7,275,4,54
R_2w6N4YMVKHYIuzo,R2.4s,1,1,2100,21,850,5,,,,,6,175,4,156
R_2w6N4YMVKHYIuzo,R2.4s,3,0,2200, ,600,7,0.7,0.3,9,13,6,175,4,156
R_2w6N4YMVKHYIuzo,R2.4r,1,1,2100,21,850,5,,,,,6,175,4,156
R_2w6N4YMVKHYIuzo,R2.4r,3,0,2200, ,600,7,0.7,0.3,7,15,6,175,4,156
R_qQusZeqivQmmr8R,R1.4s,1,1,2700,59,550,19,,,,,7,375,4,42
R_qQusZeqivQmmr8R,R1.4s,3,0,2950, ,350,30,0.7,0.3,21,25,7,375,4,42
R_qQusZeqivQmmr8R,R1.4r,1,1,2700,59,550,19,,,,,7,375,4,42
R_qQusZeqivQmmr8R,R1.4r,3,0,2950, ,350,30,0.7,0.3,19,27,7,375,4,42
R_1jAHWMZ3e4IrUTS,R2.5s,1,1,3000,38,600,10.5,,,,,7,225,4,300
R_1jAHWMZ3e4IrUTS,R2.5s,3,0,3150, ,400,16,0.9,0.1,17,21,7,225,4,300
R_1jAHWMZ3e4IrUTS,R2.5r,1,1,3000,38,600,10.5,,,,,7,225,4,300
R_1jAHWMZ3e4IrUTS,R2.5r,3,0,3150, ,400,16,0.9,0.1,15,23,7,225,4,300
R_1kUrkeP2G5SzhZ9,R2.1s,1,1,3000,45,550,10,,,,,6,225,3,276
R_1kUrkeP2G5SzhZ9,R2.1s,3,0,3150, ,400,13.5,0.1,0.9,21,25,6,225,3,276
R_1kUrkeP2G5SzhZ9,R2.1r,1,1,3000,45,550,10,,,,,6,225,3,276
R_1kUrkeP2G5SzhZ9,R2.1r,3,0,3150, ,400,13.5,0.1,0.9,19,27,6,225,3,276
R_2RUn59dh6y08veS,R2.4s,1,1,2100,28,800,5.5,,,,,5,225,4,156
R_2RUn59dh6y08veS,R2.4s,3,0,2200, ,550,8,0.7,0.3,12,16,5,225,4,156
R_2RUn59dh6y08veS,R2.4r,1,1,2100,28,800,5.5,,,,,5,225,4,156
R_2RUn59dh6y08veS,R2.4r,3,0,2200, ,550,8,0.7,0.3,10,18,5,225,4,156
R_3qdmq4qyfBjnYP7,R2.2s,1,1,1800,26,850,5.5,,,,,5,225,4,156
R_3qdmq4qyfBjnYP7,R2.2s,3,0,1900, ,600,7.5,0.3,0.7,11,15,5,225,4,156
R_3qdmq4qyfBjnYP7,R2.2r,1,1,1800,26,850,5.5,,,,,5,225,4,156
R_3qdmq4qyfBjnYP7,R2.2r,3,0,1900, ,600,7.5,0.3,0.7,9,17,5,225,4,156
R_A7o7ubPWgtwtumZ,R2.3s,1,1,3000,26,850,5.5,,,,,5,225,4,156
R_A7o7ubPWgtwtumZ,R2.3s,3,0,3150, ,600,7.5,0.5,0.5,11,15,5,225,4,156
R_A7o7ubPWgtwtumZ,R2.3r,1,1,3000,26,850,5.5,,,,,5,225,4,156
R_A7o7ubPWgtwtumZ,R2.3r,3,0,3150, ,600,7.5,0.5,0.5,9,17,5,225,4,156
R_3s0x5QwSplHVe6w,R1.1s,1,1,2700,51,550,12,,,,,5,325,2,156
R_3s0x5QwSplHVe6w,R1.1s,3,0,2950, ,350,18.5,0.1,0.9,18,22,5,325,2,156
R_3s0x5QwSplHVe6w,R1.1r,1,1,2700,51,550,12,,,,,5,325,2,156
R_3s0x5QwSplHVe6w,R1.1r,3,0,2950, ,350,18.5,0.1,0.9,16,24,5,325,2,156
R_3MQnWdMy7XiCsvq,R2.2s,1,1,2700,35,550,10,,,,,6,225,3,42
R_3MQnWdMy7XiCsvq,R2.2s,3,0,2850, ,400,13.5,0.3,0.7,16,20,6,225,3,42
R_3MQnWdMy7XiCsvq,R2.2r,1,1,2700,35,550,10,,,,,6,225,3,42
R_3MQnWdMy7XiCsvq,R2.2r,3,0,2850, ,400,13.5,0.3,0.7,14,22,6,225,3,42
R_AvMo4vm6vRl8ad3,R2.4s,1,1,2700,21,850,4,,,,,5,175,4,156
R_AvMo4vm6vRl8ad3,R2.4s,3,0,2850, ,600,6,0.7,0.3,9,13,5,175,4,156
R_AvMo4vm6vRl8ad3,R2.4r,1,1,2700,21,850,4,,,,,5,175,4,156
R_AvMo4vm6vRl8ad3,R2.4r,3,0,2850, ,600,6,0.7,0.3,7,15,5,175,4,156
R_1EXwzhMdDZ5MJEK,R1.4s,1,1,3000,41,550,11.5,,,,,7,225,4,219
R_1EXwzhMdDZ5MJEK,R1.4s,3,0,3750, ,350,18,0.7,0.3,12,16,7,225,4,219
R_1EXwzhMdDZ5MJEK,R1.4r,1,1,3000,41,550,11.5,,,,,7,225,4,219
R_1EXwzhMdDZ5MJEK,R1.4r,3,0,3750, ,350,18,0.7,0.3,10,18,7,225,4,219
R_3NExajWrWcyGYPl,R1.2s,1,1,2700,41,600,11,,,,,6,275,4,219
R_3NExajWrWcyGYPl,R1.2s,3,0,2950, ,350,19,0.3,0.7,15,19,6,275,4,219
R_3NExajWrWcyGYPl,R1.2r,1,1,2700,41,600,11,,,,,6,275,4,219
R_3NExajWrWcyGYPl,R1.2r,3,0,2950, ,350,19,0.3,0.7,13,21,6,275,4,219
R_12SCVd1TALRuXVe,R2.3s,1,1,3000,41,550,10,,,,,6,225,3,300
R_12SCVd1TALRuXVe,R2.3s,3,0,3150, ,400,13.5,0.5,0.5,19,23,6,225,3,300
R_12SCVd1TALRuXVe,R2.3r,1,1,3000,41,550,10,,,,,6,225,3,300
R_12SCVd1TALRuXVe,R2.3r,3,0,3150, ,400,13.5,0.5,0.5,17,25,6,225,3,300
R_1oItD4WiOW4b5Rp,R2.1s,1,1,1800,21,750,4.5,,,,,5,175,4,96
R_1oItD4WiOW4b5Rp,R2.1s,3,0,1900, ,550,6.5,0.1,0.9,9,13,5,175,4,96
R_1oItD4WiOW4b5Rp,R2.1r,1,1,1800,21,750,4.5,,,,,5,175,4,96
R_1oItD4WiOW4b5Rp,R2.1r,3,0,1900, ,550,6.5,0.1,0.9,7,15,5,175,4,96
R_3FJxIlK46VXHAYW,R1.5s,1,0,1500,32,550,6.5,,,,,5,175,3,42
R_3FJxIlK46VXHAYW,R1.5s,3,1,1650, ,350,10,0.9,0.1,9,13,5,175,3,42
R_3FJxIlK46VXHAYW,R1.5r,1,0,1500,32,550,6.5,,,,,5,175,3,42
R_3FJxIlK46VXHAYW,R1.5r,3,1,1650, ,350,10,0.9,0.1,7,15,5,175,3,42
R_cuVIdnccvpwtF0B,R2.5s,1,1,2100,28,800,5.5,,,,,5,225,4,156
R_cuVIdnccvpwtF0B,R2.5s,3,0,2200, ,550,8,0.9,0.1,12,16,5,225,4,156
R_cuVIdnccvpwtF0B,R2.5r,1,1,2100,28,800,5.5,,,,,5,225,4,156
R_cuVIdnccvpwtF0B,R2.5r,3,0,2200, ,550,8,0.9,0.1,10,18,5,225,4,156
R_10NrKDwBplrnHRS,R1.3s,1,1,2100,37,550,10,,,,,6,225,4,42
R_10NrKDwBplrnHRS,R1.3s,3,0,2400, ,350,15.5,0.5,0.5,12,16,6,225,4,42
R_10NrKDwBplrnHRS,R1.3r,1,1,2100,37,550,10,,,,,6,225,4,42
R_10NrKDwBplrnHRS,R1.3r,3,0,2400, ,350,15.5,0.5,0.5,10,18,6,225,4,42
R_1gBzEFZUFKoDXir,R2.2s,1,1,1800,22,800,4.5,,,,,5,175,4,156
R_1gBzEFZUFKoDXir,R2.2s,3,0,1900, ,550,6.5,0.3,0.7,9,13,5,175,4,156
R_1gBzEFZUFKoDXir,R2.2r,1,1,1800,22,800,4.5,,,,,5,175,4,156
R_1gBzEFZUFKoDXir,R2.2r,3,0,1900, ,550,6.5,0.3,0.7,7,15,5,175,4,156
R_qF2FP3jVM8ugOk1,R2.4s,1,1,1500,32,600,6,,,,,5,175,4,96
R_qF2FP3jVM8ugOk1,R2.4s,3,0,1600, ,400,9,0.7,0.3,14,18,5,175,4,96
R_qF2FP3jVM8ugOk1,R2.4r,1,1,1500,32,600,6,,,,,5,175,4,96
R_qF2FP3jVM8ugOk1,R2.4r,3,0,1600, ,400,9,0.7,0.3,12,20,5,175,4,96
R_xi40iqi7Z4xjial,R1.4s,1,0,2400,50,600,11,,,,,6,275,3,42
R_xi40iqi7Z4xjial,R1.4s,3,1,2750, ,350,19,0.7,0.3,15,19,6,275,3,42
R_xi40iqi7Z4xjial,R1.4r,1,1,2400,50,600,11,,,,,6,275,3,42
R_xi40iqi7Z4xjial,R1.4r,3,0,2750, ,350,19,0.7,0.3,13,21,6,275,3,42
R_1OZTbbicOghPYCf,R1.3s,1,1,1800,46,600,13,,,,,7,275,4,54
R_1OZTbbicOghPYCf,R1.3s,3,0,2150, ,350,22,0.5,0.5,15,19,7,275,4,54
R_1OZTbbicOghPYCf,R1.3r,1,1,1800,46,600,13,,,,,7,275,4,54
R_1OZTbbicOghPYCf,R1.3r,3,0,2150, ,350,22,0.5,0.5,13,21,7,275,4,54
R_2D1UVsG82K77xF3,R2.5s,1,1,1800,28,800,5.5,,,,,5,225,4,156
R_2D1UVsG82K77xF3,R2.5s,3,0,1900, ,550,8,0.9,0.1,12,16,5,225,4,156
R_2D1UVsG82K77xF3,R2.5r,1,1,1800,28,800,5.5,,,,,5,225,4,156
R_2D1UVsG82K77xF3,R2.5r,3,0,1900, ,550,8,0.9,0.1,10,18,5,225,4,156
R_83digBgRRhSEz97,R2.3s,1,1,2100,41,550,11.5,,,,,7,225,3,42
R_83digBgRRhSEz97,R2.3s,3,0,2200, ,400,16,0.5,0.5,19,23,7,225,3,42
R_83digBgRRhSEz97,R2.3r,1,1,2100,41,550,11.5,,,,,7,225,3,42
R_83digBgRRhSEz97,R2.3r,3,0,2200, ,400,16,0.5,0.5,17,25,7,225,3,42
R_2uKZdUNzTF8oVhf,R1.1s,1,1,2400,46,600,9,,,,,5,275,4,156
R_2uKZdUNzTF8oVhf,R1.1s,3,0,2650, ,350,15.5,0.1,0.9,15,19,5,275,4,156
R_2uKZdUNzTF8oVhf,R1.1r,1,1,2400,46,600,9,,,,,5,275,4,156
R_2uKZdUNzTF8oVhf,R1.1r,3,0,2650, ,350,15.5,0.1,0.9,13,21,5,275,4,156
R_30cwH7CY3Gy2TCn,R2.1s,1,1,1800,28,800,7,,,,,6,225,4,156
R_30cwH7CY3Gy2TCn,R2.1s,3,0,1900, ,550,10,0.1,0.9,12,16,6,225,4,156
R_30cwH7CY3Gy2TCn,R2.1r,1,1,1800,28,800,7,,,,,6,225,4,156
R_30cwH7CY3Gy2TCn,R2.1r,3,0,1900, ,550,10,0.1,0.9,10,18,6,225,4,156
R_1fa5YIeMkT5kQ8n,R2.3s,1,1,2700,24,800,7,,,,,6,225,4,156
R_1fa5YIeMkT5kQ8n,R2.3s,3,0,2850, ,550,10,0.5,0.5,10,14,6,225,4,156
R_1fa5YIeMkT5kQ8n,R2.3r,1,1,2700,24,800,7,,,,,6,225,4,156
R_1fa5YIeMkT5kQ8n,R2.3r,3,0,2850, ,550,10,0.5,0.5,8,16,6,225,4,156
R_rp9e9qEvloo8Ewx,R1.2s,1,1,3000,50,550,12,,,,,6,275,3,300
R_rp9e9qEvloo8Ewx,R1.2s,3,0,3300, ,350,19,0.3,0.7,15,19,6,275,3,300
R_rp9e9qEvloo8Ewx,R1.2r,1,1,3000,50,550,12,,,,,6,275,3,300
R_rp9e9qEvloo8Ewx,R1.2r,3,0,3300, ,350,19,0.3,0.7,13,21,6,275,3,300
R_2afZRtRnzmDq4FK,R2.1s,1,0,1800,63,600,15,,,,,6,375,3,54
R_2afZRtRnzmDq4FK,R2.1s,3,1,1900, ,400,22.5,0.1,0.9,30,34,6,375,3,54
R_2afZRtRnzmDq4FK,R2.1r,1,0,1800,63,600,15,,,,,6,375,3,54
R_2afZRtRnzmDq4FK,R2.1r,3,1,1900, ,400,22.5,0.1,0.9,28,36,6,375,3,54
R_1gIqkAzPxpKVMc5,R2.5s,1,1,3000,19,800,4.5,,,,,5,175,4,96
R_1gIqkAzPxpKVMc5,R2.5s,3,0,3150, ,550,6.5,0.9,0.1,8,12,5,175,4,96
R_1gIqkAzPxpKVMc5,R2.5r,1,1,3000,19,800,4.5,,,,,5,175,4,96
R_1gIqkAzPxpKVMc5,R2.5r,3,0,3150, ,550,6.5,0.9,0.1,6,14,5,175,4,96
R_2xIUP4epQozkVcS,R1.5s,1,0,3000,61,600,17,,,,,6,425,2,54
R_2xIUP4epQozkVcS,R1.5s,3,1,3300, ,350,29,0.9,0.1,24,28,6,425,2,54
R_2xIUP4epQozkVcS,R1.5r,1,0,3000,61,600,17,,,,,6,425,2,54
R_2xIUP4epQozkVcS,R1.5r,3,1,3300, ,350,29,0.9,0.1,22,30,6,425,2,54
R_2TZ9H7ep83B3uCL,R2.2s,1,1,3000,24,800,7,,,,,6,225,4,219
R_2TZ9H7ep83B3uCL,R2.2s,3,0,3150, ,550,10,0.3,0.7,10,14,6,225,4,219
R_2TZ9H7ep83B3uCL,R2.2r,1,1,3000,24,800,7,,,,,6,225,4,219
R_2TZ9H7ep83B3uCL,R2.2r,3,0,3150, ,550,10,0.3,0.7,8,16,6,225,4,219
R_27vV0tv5wzVMRPn,R2.4s,1,1,3000,37,550,10,,,,,6,225,4,300
R_27vV0tv5wzVMRPn,R2.4s,3,0,3150, ,400,13.5,0.7,0.3,17,21,6,225,4,300
R_27vV0tv5wzVMRPn,R2.4r,1,1,3000,37,550,10,,,,,6,225,4,300
R_27vV0tv5wzVMRPn,R2.4r,3,0,3150, ,400,13.5,0.7,0.3,15,23,6,225,4,300
R_AyC9oVUEmvyBhUl,R1.4s,1,0,3000,54,600,15,,,,,6,375,4,96
R_AyC9oVUEmvyBhUl,R1.4s,3,1,3300, ,350,25.5,0.7,0.3,21,25,6,375,4,96
R_AyC9oVUEmvyBhUl,R1.4r,1,0,3000,54,600,15,,,,,6,375,4,96
R_AyC9oVUEmvyBhUl,R1.4r,3,1,3300, ,350,25.5,0.7,0.3,19,27,6,375,4,96
R_3nT1jxdhqaixu8J,R2.4s,1,1,3000,24,800,5.5,,,,,5,225,4,156
R_3nT1jxdhqaixu8J,R2.4s,3,0,3150, ,550,8,0.7,0.3,10,14,5,225,4,156
R_3nT1jxdhqaixu8J,R2.4r,1,1,3000,24,800,5.5,,,,,5,225,4,156
R_3nT1jxdhqaixu8J,R2.4r,3,0,3150, ,550,8,0.7,0.3,8,16,5,225,4,156
R_3Jx8BoIDxBFIaKb,R1.3s,1,0,3000,36,650,10,,,,,6,275,2,219
R_3Jx8BoIDxBFIaKb,R1.3s,3,1,3300, ,400,16.5,0.5,0.5,15,19,6,275,2,219
R_3Jx8BoIDxBFIaKb,R1.3r,1,0,3000,36,650,10,,,,,6,275,2,219
R_3Jx8BoIDxBFIaKb,R1.3r,3,1,3300, ,400,16.5,0.5,0.5,13,21,6,275,2,219
R_3illdI3nN28nFCr,R2.3s,1,1,3000,24,800,7,,,,,6,225,4,219
R_3illdI3nN28nFCr,R2.3s,3,0,3150, ,550,10,0.5,0.5,10,14,6,225,4,219
R_3illdI3nN28nFCr,R2.3r,1,1,3000,24,800,7,,,,,6,225,4,219
R_3illdI3nN28nFCr,R2.3r,3,0,3150, ,550,10,0.5,0.5,8,16,6,225,4,219
R_DAUbQRRdnfgweop,R1.2s,1,1,3000,59,650,15.5,,,,,6,425,3,54
R_DAUbQRRdnfgweop,R1.2s,3,0,3600, ,400,25.5,0.3,0.7,24,28,6,425,3,54
R_DAUbQRRdnfgweop,R1.2r,1,0,3000,59,650,15.5,,,,,6,425,3,54
R_DAUbQRRdnfgweop,R1.2r,3,1,3600, ,400,25.5,0.3,0.7,22,30,6,425,3,54
R_2zdum3RtCeq0hom,R2.1s,1,1,3000,24,800,7,,,,,6,225,4,156
R_2zdum3RtCeq0hom,R2.1s,3,0,3150, ,550,10,0.1,0.9,10,14,6,225,4,156
R_2zdum3RtCeq0hom,R2.1r,1,1,3000,24,800,7,,,,,6,225,4,156
R_2zdum3RtCeq0hom,R2.1r,3,0,3150, ,550,10,0.1,0.9,8,16,6,225,4,156
R_1FhYGWfmuq7L40V,R2.2s,1,1,3000,24,800,5.5,,,,,5,225,4,156
R_1FhYGWfmuq7L40V,R2.2s,3,0,3150, ,550,8,0.3,0.7,10,14,5,225,4,156
R_1FhYGWfmuq7L40V,R2.2r,1,1,3000,24,800,5.5,,,,,5,225,4,156
R_1FhYGWfmuq7L40V,R2.2r,3,0,3150, ,550,8,0.3,0.7,8,16,5,225,4,156
R_2fBTdqBEABELP7A,R1.1s,1,1,3000,38,600,9,,,,,6,225,4,300
R_2fBTdqBEABELP7A,R1.1s,3,0,3300, ,350,15.5,0.1,0.9,12,16,6,225,4,300
R_2fBTdqBEABELP7A,R1.1r,1,1,3000,38,600,9,,,,,6,225,4,300
R_2fBTdqBEABELP7A,R1.1r,3,0,3300, ,350,15.5,0.1,0.9,10,18,6,225,4,300
R_2EFYvwlOYJ8L6vF,R1.5s,1,1,3000,47,600,13,,,,,6,325,2,54
R_2EFYvwlOYJ8L6vF,R1.5s,3,0,3300, ,350,22.5,0.9,0.1,18,22,6,325,2,54
R_2EFYvwlOYJ8L6vF,R1.5r,1,1,3000,47,600,13,,,,,6,325,2,54
R_2EFYvwlOYJ8L6vF,R1.5r,3,0,3300, ,350,22.5,0.9,0.1,16,24,6,325,2,54
R_Dc37vekQq7jb1x7,R2.5s,1,1,3000,24,800,7,,,,,6,225,4,219
R_Dc37vekQq7jb1x7,R2.5s,3,0,3150, ,550,10,0.9,0.1,10,14,6,225,4,219
R_Dc37vekQq7jb1x7,R2.5r,1,1,3000,24,800,7,,,,,6,225,4,219
R_Dc37vekQq7jb1x7,R2.5r,3,0,3150, ,550,10,0.9,0.1,8,16,6,225,4,219
R_3kHdWpvv3D86HYd,R2.2s,1,1,3000,19,800,5.5,,,,,6,175,4,156
R_3kHdWpvv3D86HYd,R2.2s,3,0,3150, ,550,7.5,0.3,0.7,8,12,6,175,4,156
R_3kHdWpvv3D86HYd,R2.2r,1,1,3000,19,800,5.5,,,,,6,175,4,156
R_3kHdWpvv3D86HYd,R2.2r,3,0,3150, ,550,7.5,0.3,0.7,6,14,6,175,4,156
R_2do5lk5ZhkxggwO,R2.4s,1,1,3000,19,800,5.5,,,,,6,175,4,219
R_2do5lk5ZhkxggwO,R2.4s,3,0,3150, ,550,7.5,0.7,0.3,8,12,6,175,4,219
R_2do5lk5ZhkxggwO,R2.4r,1,1,3000,19,800,5.5,,,,,6,175,4,219
R_2do5lk5ZhkxggwO,R2.4r,3,0,3150, ,550,7.5,0.7,0.3,6,14,6,175,4,219
R_PIkR5d5krJ9zL0J,R1.4s,1,1,3000,45,650,12,,,,,6,325,3,96
R_PIkR5d5krJ9zL0J,R1.4s,3,0,3300, ,400,19.5,0.7,0.3,18,22,6,325,3,96
R_PIkR5d5krJ9zL0J,R1.4r,1,1,3000,45,650,12,,,,,6,325,3,96
R_PIkR5d5krJ9zL0J,R1.4r,3,0,3300, ,400,19.5,0.7,0.3,16,24,6,325,3,96
R_3oRSBqB1FLaZTYL,R2.3s,1,1,3000,25,800,7,,,,,6,225,4,156
R_3oRSBqB1FLaZTYL,R2.3s,3,0,3150, ,550,10,0.5,0.5,11,15,6,225,4,156
R_3oRSBqB1FLaZTYL,R2.3r,1,1,3000,25,800,7,,,,,6,225,4,156
R_3oRSBqB1FLaZTYL,R2.3r,3,0,3150, ,550,10,0.5,0.5,9,17,6,225,4,156
R_3j1cHAmIQJcHm9D,R1.5s,1,1,3000,45,650,14,,,,,7,325,4,156
R_3j1cHAmIQJcHm9D,R1.5s,3,0,3600, ,400,23,0.9,0.1,18,22,7,325,4,156
R_3j1cHAmIQJcHm9D,R1.5r,1,1,3000,45,650,14,,,,,7,325,4,156
R_3j1cHAmIQJcHm9D,R1.5r,3,0,3600, ,400,23,0.9,0.1,16,24,7,325,4,156
R_TmWsKkfBc1pCTRf,R2.1s,1,1,3000,25,800,7,,,,,6,225,4,219
R_TmWsKkfBc1pCTRf,R2.1s,3,0,3150, ,550,10,0.1,0.9,11,15,6,225,4,219
R_TmWsKkfBc1pCTRf,R2.1r,1,1,3000,25,800,7,,,,,6,225,4,219
R_TmWsKkfBc1pCTRf,R2.1r,3,0,3150, ,550,10,0.1,0.9,9,17,6,225,4,219
R_2ONiIYfRYc6CvL4,R1.1s,1,1,3000,43,650,12,,,,,6,325,3,219
R_2ONiIYfRYc6CvL4,R1.1s,3,0,3300, ,400,19.5,0.1,0.9,18,22,6,325,3,219
R_2ONiIYfRYc6CvL4,R1.1r,1,1,3000,43,650,12,,,,,6,325,3,219
R_2ONiIYfRYc6CvL4,R1.1r,3,0,3300, ,400,19.5,0.1,0.9,16,24,6,325,3,219
R_DS660zSYQL2Y8kF,R2.5s,1,1,3000,24,800,5.5,,,,,5,225,4,219
R_DS660zSYQL2Y8kF,R2.5s,3,0,3150, ,550,8,0.9,0.1,10,14,5,225,4,219
R_DS660zSYQL2Y8kF,R2.5r,1,1,3000,24,800,5.5,,,,,5,225,4,219
R_DS660zSYQL2Y8kF,R2.5r,3,0,3150, ,550,8,0.9,0.1,8,16,5,225,4,219
R_1LwjrjSffAsWYjP,R1.3s,1,1,3000,45,650,12,,,,,6,325,3,219
R_1LwjrjSffAsWYjP,R1.3s,3,0,3300, ,400,19.5,0.5,0.5,18,22,6,325,3,219
R_1LwjrjSffAsWYjP,R1.3r,1,1,3000,45,650,12,,,,,6,325,3,219
R_1LwjrjSffAsWYjP,R1.3r,3,0,3300, ,400,19.5,0.5,0.5,16,24,6,325,3,219
R_1gBL1SamWD0EdWn,R2.4s,1,1,3000,45,550,10,,,,,6,225,3,276
R_1gBL1SamWD0EdWn,R2.4s,3,0,3150, ,400,13.5,0.7,0.3,21,25,6,225,3,276
R_1gBL1SamWD0EdWn,R2.4r,1,1,3000,45,550,10,,,,,6,225,3,276
R_1gBL1SamWD0EdWn,R2.4r,3,0,3150, ,400,13.5,0.7,0.3,19,27,6,225,3,276
R_3LhFjZ03mOKzBKs,R2.5s,1,1,3000,23,850,6.5,,,,,6,225,4,219
R_3LhFjZ03mOKzBKs,R2.5s,3,0,3150, ,600,9,0.9,0.1,10,14,6,225,4,219
R_3LhFjZ03mOKzBKs,R2.5r,1,1,3000,23,850,6.5,,,,,6,225,4,219
R_3LhFjZ03mOKzBKs,R2.5r,3,0,3150, ,600,9,0.9,0.1,8,16,6,225,4,219
R_eUKXI1hp7UrxWQp,R1.2s,1,1,3000,48,700,13,,,,,6,375,4,96
R_eUKXI1hp7UrxWQp,R1.2s,3,0,3450, ,400,22.5,0.3,0.7,21,25,6,375,4,96
R_eUKXI1hp7UrxWQp,R1.2r,1,1,3000,48,700,13,,,,,6,375,4,96
R_eUKXI1hp7UrxWQp,R1.2r,3,0,3450, ,400,22.5,0.3,0.7,19,27,6,375,4,96
R_XTcnw3rQcVzgwuJ,R2.3s,1,1,3000,24,800,5.5,,,,,5,225,4,156
R_XTcnw3rQcVzgwuJ,R2.3s,3,0,3150, ,550,8,0.5,0.5,10,14,5,225,4,156
R_XTcnw3rQcVzgwuJ,R2.3r,1,1,3000,24,800,5.5,,,,,5,225,4,156
R_XTcnw3rQcVzgwuJ,R2.3r,3,0,3150, ,550,8,0.5,0.5,8,16,5,225,4,156
R_3siSBGEIUtj2ofJ,R2.1s,1,1,3000,26,600,7,,,,,6,175,3,276
R_3siSBGEIUtj2ofJ,R2.1s,3,0,3150, ,400,10.5,0.1,0.9,11,15,6,175,3,276
R_3siSBGEIUtj2ofJ,R2.1r,1,1,3000,26,600,7,,,,,6,175,3,276
R_3siSBGEIUtj2ofJ,R2.1r,3,0,3150, ,400,10.5,0.1,0.9,9,17,6,175,3,276
R_pKRHPIcpOOiB2UN,R2.2s,1,0,3000,58,650,16,,,,,7,375,2,219
R_pKRHPIcpOOiB2UN,R2.2s,3,1,3150, ,450,23.5,0.3,0.7,27,31,7,375,2,219
R_pKRHPIcpOOiB2UN,R2.2r,1,0,3000,58,650,16,,,,,7,375,2,219
R_pKRHPIcpOOiB2UN,R2.2r,3,1,3150, ,450,23.5,0.3,0.7,25,33,7,375,2,219
R_1eEq1gyYdAXH9Mt,R2.4s,1,1,3000,23,850,6.5,,,,,6,225,4,156
R_1eEq1gyYdAXH9Mt,R2.4s,3,0,3150, ,600,9,0.7,0.3,10,14,6,225,4,156
R_1eEq1gyYdAXH9Mt,R2.4r,1,1,3000,23,850,6.5,,,,,6,225,4,156
R_1eEq1gyYdAXH9Mt,R2.4r,3,0,3150, ,600,9,0.7,0.3,8,16,6,225,4,156
R_3IWx3y1aKURcHMs,R2.3s,1,1,3000,24,800,7,,,,,6,225,4,276
R_3IWx3y1aKURcHMs,R2.3s,3,0,3150, ,550,10,0.5,0.5,10,14,6,225,4,276
R_3IWx3y1aKURcHMs,R2.3r,1,1,3000,24,800,7,,,,,6,225,4,276
R_3IWx3y1aKURcHMs,R2.3r,3,0,3150, ,550,10,0.5,0.5,8,16,6,225,4,276
R_pKRcDpM0dUp6e2J,R1.5s,1,1,3000,45,650,14,,,,,7,325,3,156
R_pKRcDpM0dUp6e2J,R1.5s,3,0,3300, ,400,23,0.9,0.1,18,22,7,325,3,156
R_pKRcDpM0dUp6e2J,R1.5r,1,1,3000,45,650,14,,,,,7,325,3,156
R_pKRcDpM0dUp6e2J,R1.5r,3,0,3300, ,400,23,0.9,0.1,16,24,7,325,3,156
R_3HNZyLAf4r7ebEu,R1.3s,1,1,3000,45,650,14,,,,,7,325,2,96
R_3HNZyLAf4r7ebEu,R1.3s,3,0,3300, ,400,23,0.5,0.5,18,22,7,325,2,96
R_3HNZyLAf4r7ebEu,R1.3r,1,1,3000,45,650,14,,,,,7,325,2,96
R_3HNZyLAf4r7ebEu,R1.3r,3,0,3300, ,400,23,0.5,0.5,16,24,7,325,2,96
R_aWVYJM4mztNzctP,R2.1s,1,1,3000,29,550,7.5,,,,,6,175,3,300
R_aWVYJM4mztNzctP,R2.1s,3,0,3150, ,400,10.5,0.1,0.9,13,17,6,175,3,300
R_aWVYJM4mztNzctP,R2.1r,1,1,3000,29,550,7.5,,,,,6,175,3,300
R_aWVYJM4mztNzctP,R2.1r,3,0,3150, ,400,10.5,0.1,0.9,11,19,6,175,3,300
R_1kTeT3AkCBKSYBJ,R2.2s,1,1,3000,19,800,4.5,,,,,5,175,4,156
R_1kTeT3AkCBKSYBJ,R2.2s,3,0,3150, ,550,6.5,0.3,0.7,8,12,5,175,4,156
R_1kTeT3AkCBKSYBJ,R2.2r,1,1,3000,19,800,4.5,,,,,5,175,4,156
R_1kTeT3AkCBKSYBJ,R2.2r,3,0,3150, ,550,6.5,0.3,0.7,6,14,5,175,4,156
R_QayFwPSgtPjLYVH,R2.5s,1,1,1800,28,800,7,,,,,6,225,4,96
R_QayFwPSgtPjLYVH,R2.5s,3,0,1900, ,550,10,0.9,0.1,12,16,6,225,4,96
R_QayFwPSgtPjLYVH,R2.5r,1,1,1800,28,800,7,,,,,6,225,4,96
R_QayFwPSgtPjLYVH,R2.5r,3,0,1900, ,550,10,0.9,0.1,10,18,6,225,4,96
R_2agY4MW3pmqdhwN,R1.2s,1,0,1500,60,650,12,,,,,6,325,4,54
R_2agY4MW3pmqdhwN,R1.2s,3,1,1800, ,400,19.5,0.3,0.7,18,22,6,325,4,54
R_2agY4MW3pmqdhwN,R1.2r,1,0,1500,60,650,12,,,,,6,325,4,54
R_2agY4MW3pmqdhwN,R1.2r,3,1,1800, ,400,19.5,0.3,0.7,16,24,6,325,4,54
R_3iJPFDbUIy3OHwS,R1.4s,1,0,1800,51,700,13,,,,,7,325,2,96
R_3iJPFDbUIy3OHwS,R1.4s,3,1,2150, ,400,23,0.7,0.3,18,22,7,325,2,96
R_3iJPFDbUIy3OHwS,R1.4r,1,1,1800,51,700,13,,,,,7,325,2,96
R_3iJPFDbUIy3OHwS,R1.4r,3,0,2150, ,400,23,0.7,0.3,16,24,7,325,2,96
R_TiaGiIuG1Plpf3z,R2.5s,1,1,2100,26,850,6.5,,,,,6,225,4,219
R_TiaGiIuG1Plpf3z,R2.5s,3,0,2200, ,600,9,0.9,0.1,11,15,6,225,4,219
R_TiaGiIuG1Plpf3z,R2.5r,1,1,2100,26,850,6.5,,,,,6,225,4,219
R_TiaGiIuG1Plpf3z,R2.5r,3,0,2200, ,600,9,0.9,0.1,9,17,6,225,4,219
R_3GjLgsuiqHRZyzk,R1.1s,1,0,1800,54,700,15,,,,,7,375,3,219
R_3GjLgsuiqHRZyzk,R1.1s,3,1,2150, ,400,26.5,0.1,0.9,21,25,7,375,3,219
R_3GjLgsuiqHRZyzk,R1.1r,1,1,1800,54,700,15,,,,,7,375,3,219
R_3GjLgsuiqHRZyzk,R1.1r,3,0,2150, ,400,26.5,0.1,0.9,19,27,7,375,3,219
R_3R7NeV3sT2ANoth,R2.3s,1,1,1800,22,800,4.5,,,,,5,175,4,219
R_3R7NeV3sT2ANoth,R2.3s,3,0,1900, ,550,6.5,0.5,0.5,9,13,5,175,4,219
R_3R7NeV3sT2ANoth,R2.3r,1,1,1800,22,800,4.5,,,,,5,175,4,219
R_3R7NeV3sT2ANoth,R2.3r,3,0,1900, ,550,6.5,0.5,0.5,7,15,5,175,4,219
R_9SsIZBcqmU4kHMl,R2.2s,1,1,2100,28,800,7,,,,,6,225,4,156
R_9SsIZBcqmU4kHMl,R2.2s,3,0,2200, ,550,10,0.3,0.7,12,16,6,225,4,156
R_9SsIZBcqmU4kHMl,R2.2r,1,1,2100,28,800,7,,,,,6,225,4,156
R_9SsIZBcqmU4kHMl,R2.2r,3,0,2200, ,550,10,0.3,0.7,10,18,6,225,4,156
R_1q1xNLoAklRGrsQ,R1.2s,1,0,1500,64,700,13,,,,,6,375,3,54
R_1q1xNLoAklRGrsQ,R1.2s,3,1,1800, ,400,22.5,0.3,0.7,21,25,6,375,3,54
R_1q1xNLoAklRGrsQ,R1.2r,1,1,1500,64,700,13,,,,,6,375,3,54
R_1q1xNLoAklRGrsQ,R1.2r,3,0,1800, ,400,22.5,0.3,0.7,19,27,6,375,3,54
R_Y03Zw4WLYnCOwaB,R2.1s,1,1,2100,28,800,7,,,,,6,225,3,96
R_Y03Zw4WLYnCOwaB,R2.1s,3,0,2200, ,550,10,0.1,0.9,12,16,6,225,3,96
R_Y03Zw4WLYnCOwaB,R2.1r,1,1,2100,28,800,7,,,,,6,225,3,96
R_Y03Zw4WLYnCOwaB,R2.1r,3,0,2200, ,550,10,0.1,0.9,10,18,6,225,3,96
R_2e8ZR5XSjrIqfOf,R2.4s,1,0,1800,54,700,13,,,,,6,375,2,54
R_2e8ZR5XSjrIqfOf,R2.4s,3,1,1900, ,500,18,0.7,0.3,25,29,6,375,2,54
R_2e8ZR5XSjrIqfOf,R2.4r,1,1,1800,54,700,13,,,,,6,375,2,54
R_2e8ZR5XSjrIqfOf,R2.4r,3,0,1900, ,500,18,0.7,0.3,23,31,6,375,2,54
R_YSxZHTlf8ucR6aB,R2.4s,1,1,1800,26,850,6.5,,,,,6,225,4,156
R_YSxZHTlf8ucR6aB,R2.4s,3,0,1900, ,600,9,0.7,0.3,11,15,6,225,4,156
R_YSxZHTlf8ucR6aB,R2.4r,1,1,1800,26,850,6.5,,,,,6,225,4,156
R_YSxZHTlf8ucR6aB,R2.4r,3,0,1900, ,600,9,0.7,0.3,9,17,6,225,4,156
R_6VS3N9bgeW3bsoF,R1.1s,1,1,1800,75,650,16,,,,,7,375,3,96
R_6VS3N9bgeW3bsoF,R1.1s,3,0,2000, ,400,26.5,0.1,0.9,21,25,7,375,3,96
R_6VS3N9bgeW3bsoF,R1.1r,1,1,1800,75,650,16,,,,,7,375,3,96
R_6VS3N9bgeW3bsoF,R1.1r,3,0,2000, ,400,26.5,0.1,0.9,19,27,7,375,3,96
R_1q55ZwdtzBQyfjO,R2.2s,1,1,1800,28,800,7,,,,,6,225,4,219
R_1q55ZwdtzBQyfjO,R2.2s,3,0,1900, ,550,10,0.3,0.7,12,16,6,225,4,219
R_1q55ZwdtzBQyfjO,R2.2r,1,1,1800,28,800,7,,,,,6,225,4,219
R_1q55ZwdtzBQyfjO,R2.2r,3,0,1900, ,550,10,0.3,0.7,10,18,6,225,4,219
R_33BXf8xxMbx6qt7,R1.3s,1,1,1800,63,650,16,,,,,7,375,3,54
R_33BXf8xxMbx6qt7,R1.3s,3,0,2000, ,400,26.5,0.5,0.5,21,25,7,375,3,54
R_33BXf8xxMbx6qt7,R1.3r,1,1,1800,63,650,16,,,,,7,375,3,54
R_33BXf8xxMbx6qt7,R1.3r,3,0,2000, ,400,26.5,0.5,0.5,19,27,7,375,3,54
R_3qJBFj1LYLuEBFD,R2.3s,1,1,1800,28,800,7,,,,,6,225,4,156
R_3qJBFj1LYLuEBFD,R2.3s,3,0,1900, ,550,10,0.5,0.5,12,16,6,225,4,156
R_3qJBFj1LYLuEBFD,R2.3r,1,1,1800,28,800,7,,,,,6,225,4,156
R_3qJBFj1LYLuEBFD,R2.3r,3,0,1900, ,550,10,0.5,0.5,10,18,6,225,4,156
R_21Buztjx96SJoIz,R2.1s,1,1,2100,29,850,6.5,,,,,6,225,4,156
R_21Buztjx96SJoIz,R2.1s,3,0,2200, ,600,9,0.1,0.9,13,17,6,225,4,156
R_21Buztjx96SJoIz,R2.1r,1,1,2100,29,850,6.5,,,,,6,225,4,156
R_21Buztjx96SJoIz,R2.1r,3,0,2200, ,600,9,0.1,0.9,11,19,6,225,4,156
R_2e3d3TgMyNSShdJ,R1.4s,1,0,1800,75,650,16,,,,,7,375,4,156
R_2e3d3TgMyNSShdJ,R1.4s,3,1,2250, ,400,26.5,0.7,0.3,21,25,7,375,4,156
R_2e3d3TgMyNSShdJ,R1.4r,1,0,1800,75,650,16,,,,,7,375,4,156
R_2e3d3TgMyNSShdJ,R1.4r,3,1,2250, ,400,26.5,0.7,0.3,19,27,7,375,4,156
R_0qzeQiPikeQuPBL,R2.5s,1,1,1800,28,800,5.5,,,,,5,225,4,156
R_0qzeQiPikeQuPBL,R2.5s,3,0,1900, ,550,8,0.9,0.1,12,16,5,225,4,156
R_0qzeQiPikeQuPBL,R2.5r,1,1,1800,28,800,5.5,,,,,5,225,4,156
R_0qzeQiPikeQuPBL,R2.5r,3,0,1900, ,550,8,0.9,0.1,10,18,5,225,4,156
R_3KvTJvdcHdsNXKu,R2.2s,1,1,1800,28,800,7,,,,,6,225,2,156
R_3KvTJvdcHdsNXKu,R2.2s,3,0,1900, ,550,10,0.3,0.7,12,16,6,225,2,156
R_3KvTJvdcHdsNXKu,R2.2r,1,1,1800,28,800,7,,,,,6,225,2,156
R_3KvTJvdcHdsNXKu,R2.2r,3,0,1900, ,550,10,0.3,0.7,10,18,6,225,2,156
R_2YkMa4yxe9PIs2b,R2.4s,1,1,2700,24,800,7,,,,,6,225,4,219
R_2YkMa4yxe9PIs2b,R2.4s,3,0,2850, ,550,10,0.7,0.3,10,14,6,225,4,219
R_2YkMa4yxe9PIs2b,R2.4r,1,1,2700,24,800,7,,,,,6,225,4,219
R_2YkMa4yxe9PIs2b,R2.4r,3,0,2850, ,550,10,0.7,0.3,8,16,6,225,4,219
R_OkgFg8uM956fJ17,R1.5s,1,1,3000,46,700,15,,,,,7,375,2,96
R_OkgFg8uM956fJ17,R1.5s,3,0,3300, ,400,26.5,0.9,0.1,21,25,7,375,2,96
R_OkgFg8uM956fJ17,R1.5r,1,1,3000,46,700,15,,,,,7,375,2,96
R_OkgFg8uM956fJ17,R1.5r,3,0,3300, ,400,26.5,0.9,0.1,19,27,7,375,2,96
R_2bU9iycA3H1Eofy,R2.1s,1,1,3000,39,750,10.5,,,,,6,325,4,219
R_2bU9iycA3H1Eofy,R2.1s,3,0,3150, ,550,14,0.1,0.9,18,22,6,325,4,219
R_2bU9iycA3H1Eofy,R2.1r,1,1,3000,39,750,10.5,,,,,6,325,4,219
R_2bU9iycA3H1Eofy,R2.1r,3,0,3150, ,550,14,0.1,0.9,16,24,6,325,4,219
R_3DuqmyhaijA0WXK,R2.5s,1,1,3000,24,800,7,,,,,6,225,4,96
R_3DuqmyhaijA0WXK,R2.5s,3,0,3150, ,550,10,0.9,0.1,10,14,6,225,4,96
R_3DuqmyhaijA0WXK,R2.5r,1,1,3000,24,800,7,,,,,6,225,4,96
R_3DuqmyhaijA0WXK,R2.5r,3,0,3150, ,550,10,0.9,0.1,8,16,6,225,4,96
R_tQGSYb16caxtTA5,R2.3s,1,1,3000,35,700,11,,,,,7,275,2,96
R_tQGSYb16caxtTA5,R2.3s,3,0,3150, ,500,15.5,0.5,0.5,16,20,7,275,2,96
R_tQGSYb16caxtTA5,R2.3r,1,1,3000,35,700,11,,,,,7,275,2,96
R_tQGSYb16caxtTA5,R2.3r,3,0,3150, ,500,15.5,0.5,0.5,14,22,7,275,2,96
R_ymEfPH8BWRqbPkR,R2.5s,1,1,3000,24,800,7,,,,,6,225,4,219
R_ymEfPH8BWRqbPkR,R2.5s,3,0,3150, ,550,10,0.9,0.1,10,14,6,225,4,219
R_ymEfPH8BWRqbPkR,R2.5r,1,1,3000,24,800,7,,,,,6,225,4,219
R_ymEfPH8BWRqbPkR,R2.5r,3,0,3150, ,550,10,0.9,0.1,8,16,6,225,4,219
R_3P7a7GLaBVIVYOn,R2.3s,1,1,3000,24,800,7,,,,,6,225,4,96
R_3P7a7GLaBVIVYOn,R2.3s,3,0,3150, ,550,10,0.5,0.5,10,14,6,225,4,96
R_3P7a7GLaBVIVYOn,R2.3r,1,1,3000,24,800,7,,,,,6,225,4,96
R_3P7a7GLaBVIVYOn,R2.3r,3,0,3150, ,550,10,0.5,0.5,8,16,6,225,4,96
R_2U4KXkyYmOfIjSb,R1.2s,1,1,3000,54,700,15,,,,,7,375,4,156
R_2U4KXkyYmOfIjSb,R1.2s,3,0,3300, ,400,26.5,0.3,0.7,21,25,7,375,4,156
R_2U4KXkyYmOfIjSb,R1.2r,1,1,3000,54,700,15,,,,,7,375,4,156
R_2U4KXkyYmOfIjSb,R1.2r,3,0,3300, ,400,26.5,0.3,0.7,19,27,7,375,4,156
R_d0Zeu4Phye0tub7,R2.2s,1,0,3000,51,750,16,,,,,7,425,3,96
R_d0Zeu4Phye0tub7,R2.2s,3,1,3150, ,550,21.5,0.3,0.7,24,28,7,425,3,96
R_d0Zeu4Phye0tub7,R2.2r,1,0,3000,51,750,16,,,,,7,425,3,96
R_d0Zeu4Phye0tub7,R2.2r,3,1,3150, ,550,21.5,0.3,0.7,22,30,7,425,3,96
R_sAW1akAHxQB2jYJ,R2.1s,1,0,3000,45,750,12,,,,,6,375,4,219
R_sAW1akAHxQB2jYJ,R2.1s,3,1,3150, ,550,16.5,0.1,0.9,21,25,6,375,4,219
R_sAW1akAHxQB2jYJ,R2.1r,1,0,3000,45,750,12,,,,,6,375,4,219
R_sAW1akAHxQB2jYJ,R2.1r,3,1,3150, ,550,16.5,0.1,0.9,19,27,6,375,4,219
R_RLaNPh6w3badPO1,R2.4s,1,1,1800,28,800,5.5,,,,,5,225,4,219
R_RLaNPh6w3badPO1,R2.4s,3,0,1900, ,550,8,0.7,0.3,12,16,5,225,4,219
R_RLaNPh6w3badPO1,R2.4r,1,1,1800,28,800,5.5,,,,,5,225,4,219
R_RLaNPh6w3badPO1,R2.4r,3,0,1900, ,550,8,0.7,0.3,10,18,5,225,4,219
R_1NrzsW69uxNODYP,R2.1s,1,1,1800,28,800,7,,,,,6,225,4,156
R_1NrzsW69uxNODYP,R2.1s,3,0,1900, ,550,10,0.1,0.9,12,16,6,225,4,156
R_1NrzsW69uxNODYP,R2.1r,1,1,1800,28,800,7,,,,,6,225,4,156
R_1NrzsW69uxNODYP,R2.1r,3,0,1900, ,550,10,0.1,0.9,10,18,6,225,4,156
R_tFFjKLXien70wJb,R2.5s,1,0,1800,64,700,15,,,,,7,375,4,54
R_tFFjKLXien70wJb,R2.5s,3,1,1900, ,500,21,0.9,0.1,30,34,7,375,4,54
R_tFFjKLXien70wJb,R2.5r,1,0,1800,64,700,15,,,,,7,375,4,54
R_tFFjKLXien70wJb,R2.5r,3,1,1900, ,500,21,0.9,0.1,28,36,7,375,4,54
R_2Qgn3I3aXQ19cfv,R2.3s,1,1,1800,28,800,7,,,,,6,225,4,156
R_2Qgn3I3aXQ19cfv,R2.3s,3,0,1900, ,550,10,0.5,0.5,12,16,6,225,4,156
R_2Qgn3I3aXQ19cfv,R2.3r,1,1,1800,28,800,7,,,,,6,225,4,156
R_2Qgn3I3aXQ19cfv,R2.3r,3,0,1900, ,550,10,0.5,0.5,10,18,6,225,4,156
R_uyQkGjWU2Ioupvb,R2.2s,1,0,2100,59,700,13,,,,,6,375,4,96
R_uyQkGjWU2Ioupvb,R2.2s,3,1,2200, ,500,18,0.3,0.7,28,32,6,375,4,96
R_uyQkGjWU2Ioupvb,R2.2r,1,0,2100,59,700,13,,,,,6,375,4,96
R_uyQkGjWU2Ioupvb,R2.2r,3,1,2200, ,500,18,0.3,0.7,26,34,6,375,4,96
R_1OTBpmuWRWfWvLs,R2.4s,1,1,1800,28,800,7,,,,,6,225,4,156
R_1OTBpmuWRWfWvLs,R2.4s,3,0,1900, ,550,10,0.7,0.3,12,16,6,225,4,156
R_1OTBpmuWRWfWvLs,R2.4r,1,1,1800,28,800,7,,,,,6,225,4,156
R_1OTBpmuWRWfWvLs,R2.4r,3,0,1900, ,550,10,0.7,0.3,10,18,6,225,4,156
R_10OfpSBGyQqH9Ti,R2.3s,1,1,1800,28,800,7,,,,,6,225,4,156
R_10OfpSBGyQqH9Ti,R2.3s,3,0,1900, ,550,10,0.5,0.5,12,16,6,225,4,156
R_10OfpSBGyQqH9Ti,R2.3r,1,1,1800,28,800,7,,,,,6,225,4,156
R_10OfpSBGyQqH9Ti,R2.3r,3,0,1900, ,550,10,0.5,0.5,10,18,6,225,4,156
R_3PLIxxopwPjMfjO,R2.4s,1,1,1800,28,800,7,,,,,6,225,4,219
R_3PLIxxopwPjMfjO,R2.4s,3,0,1900, ,550,10,0.7,0.3,12,16,6,225,4,219
R_3PLIxxopwPjMfjO,R2.4r,1,1,1800,28,800,7,,,,,6,225,4,219
R_3PLIxxopwPjMfjO,R2.4r,3,0,1900, ,550,10,0.7,0.3,10,18,6,225,4,219
R_3IQuNJHBcW2uNSJ,R2.1s,1,0,1800,56,700,11,,,,,6,325,3,96
R_3IQuNJHBcW2uNSJ,R2.1s,3,1,1900, ,500,15.5,0.1,0.9,26,30,6,325,3,96
R_3IQuNJHBcW2uNSJ,R2.1r,1,0,1800,56,700,11,,,,,6,325,3,96
R_3IQuNJHBcW2uNSJ,R2.1r,3,1,1900, ,500,15.5,0.1,0.9,24,32,6,325,3,96
R_3MxGtmwAKHIvEf1,R2.2s,1,0,1500,59,700,13,,,,,6,375,3,54
R_3MxGtmwAKHIvEf1,R2.2s,3,1,1600, ,500,18,0.3,0.7,28,32,6,375,3,54
R_3MxGtmwAKHIvEf1,R2.2r,1,0,1500,59,700,13,,,,,6,375,3,54
R_3MxGtmwAKHIvEf1,R2.2r,3,1,1600, ,500,18,0.3,0.7,26,34,6,375,3,54
R_2CHCjgvgAsNBPef,R2.5s,1,1,1800,28,800,7,,,,,6,225,4,156
R_2CHCjgvgAsNBPef,R2.5s,3,0,1900, ,550,10,0.9,0.1,12,16,6,225,4,156
R_2CHCjgvgAsNBPef,R2.5r,1,1,1800,28,800,7,,,,,6,225,4,156
R_2CHCjgvgAsNBPef,R2.5r,3,0,1900, ,550,10,0.9,0.1,10,18,6,225,4,156
R_3e9yjSIYExNk1Fa,R1.5s,1,1,1800,59,700,15,,,,,7,375,3,156
R_3e9yjSIYExNk1Fa,R1.5s,3,0,2000, ,400,26.5,0.9,0.1,21,25,7,375,3,156
R_3e9yjSIYExNk1Fa,R1.5r,1,1,1800,59,700,15,,,,,7,375,3,156
R_3e9yjSIYExNk1Fa,R1.5r,3,0,2000, ,400,26.5,0.9,0.1,19,27,7,375,3,156
R_1d6Uxz3JnnvyTaL,R2.3s,1,0,1800,59,700,15,,,,,7,375,3,96
R_1d6Uxz3JnnvyTaL,R2.3s,3,1,1900, ,500,21,0.5,0.5,28,32,7,375,3,96
R_1d6Uxz3JnnvyTaL,R2.3r,1,0,1800,59,700,15,,,,,7,375,3,96
R_1d6Uxz3JnnvyTaL,R2.3r,3,1,1900, ,500,21,0.5,0.5,26,34,7,375,3,96
R_3KBAOvDzeCzYKVl,R2.1s,1,1,2100,28,800,7,,,,,6,225,4,96
R_3KBAOvDzeCzYKVl,R2.1s,3,0,2200, ,550,10,0.1,0.9,12,16,6,225,4,96
R_3KBAOvDzeCzYKVl,R2.1r,1,1,2100,28,800,7,,,,,6,225,4,96
R_3KBAOvDzeCzYKVl,R2.1r,3,0,2200, ,550,10,0.1,0.9,10,18,6,225,4,96
R_3p6haWcP8paiWwI,R2.5s,1,1,2100,34,800,8.5,,,,,6,275,4,156
R_3p6haWcP8paiWwI,R2.5s,3,0,2200, ,550,12,0.9,0.1,15,19,6,275,4,156
R_3p6haWcP8paiWwI,R2.5r,1,1,2100,34,800,8.5,,,,,6,275,4,156
R_3p6haWcP8paiWwI,R2.5r,3,0,2200, ,550,12,0.9,0.1,13,21,6,275,4,156
R_1M54m3wjWSz4KlC,R2.2s,1,0,2100,60,650,14,,,,,7,325,2,18
R_1M54m3wjWSz4KlC,R2.2s,3,1,2200, ,450,20,0.3,0.7,28,32,7,325,2,18
R_1M54m3wjWSz4KlC,R2.2r,1,0,2100,60,650,14,,,,,7,325,2,18
R_1M54m3wjWSz4KlC,R2.2r,3,1,2200, ,450,20,0.3,0.7,26,34,7,325,2,18
R_3no3ICcE5z12SN8,R2.4s,1,0,1800,59,700,13,,,,,6,375,4,42
R_3no3ICcE5z12SN8,R2.4s,3,1,1900, ,500,18,0.7,0.3,28,32,6,375,4,42
R_3no3ICcE5z12SN8,R2.4r,1,0,1800,59,700,13,,,,,6,375,4,42
R_3no3ICcE5z12SN8,R2.4r,3,1,1900, ,500,18,0.7,0.3,26,34,6,375,4,42
R_yl2cXf3PDVXhIeB,R2.1s,1,0,1800,60,700,11,,,,,6,325,3,54
R_yl2cXf3PDVXhIeB,R2.1s,3,1,1900, ,500,15.5,0.1,0.9,28,32,6,325,3,54
R_yl2cXf3PDVXhIeB,R2.1r,1,1,1800,60,700,11,,,,,6,325,3,54
R_yl2cXf3PDVXhIeB,R2.1r,3,0,1900, ,500,15.5,0.1,0.9,26,34,6,325,3,54
R_2f6t2qdXgk0FbaS,R1.4s,1,1,1800,51,700,13,,,,,7,325,3,96
R_2f6t2qdXgk0FbaS,R1.4s,3,0,2050, ,400,23,0.7,0.3,18,22,7,325,3,96
R_2f6t2qdXgk0FbaS,R1.4r,1,1,1800,51,700,13,,,,,7,325,3,96
R_2f6t2qdXgk0FbaS,R1.4r,3,0,2050, ,400,23,0.7,0.3,16,24,7,325,3,96
R_3GxKNiArMPPZ1Kn,R2.5s,1,1,2100,28,800,7,,,,,6,225,4,156
R_3GxKNiArMPPZ1Kn,R2.5s,3,0,2200, ,550,10,0.9,0.1,12,16,6,225,4,156
R_3GxKNiArMPPZ1Kn,R2.5r,1,1,2100,28,800,7,,,,,6,225,4,156
R_3GxKNiArMPPZ1Kn,R2.5r,3,0,2200, ,550,10,0.9,0.1,10,18,6,225,4,156
R_9S0mNPfcIyY4nnP,R2.3s,1,1,1800,28,800,7,,,,,6,225,4,156
R_9S0mNPfcIyY4nnP,R2.3s,3,0,1900, ,550,10,0.5,0.5,12,16,6,225,4,156
R_9S0mNPfcIyY4nnP,R2.3r,1,1,1800,28,800,7,,,,,6,225,4,156
R_9S0mNPfcIyY4nnP,R2.3r,3,0,1900, ,550,10,0.5,0.5,10,18,6,225,4,156
R_eKcEcTA2rYiiWbv,R2.2s,1,1,1800,26,850,6.5,,,,,6,225,4,156
R_eKcEcTA2rYiiWbv,R2.2s,3,0,1900, ,600,9,0.3,0.7,11,15,6,225,4,156
R_eKcEcTA2rYiiWbv,R2.2r,1,1,1800,26,850,6.5,,,,,6,225,4,156
R_eKcEcTA2rYiiWbv,R2.2r,3,0,1900, ,600,9,0.3,0.7,9,17,6,225,4,156
R_2VNNhBGehdonbZz,R1.3s,1,1,2100,41,600,9,,,,,6,225,3,300
R_2VNNhBGehdonbZz,R1.3s,3,0,2400, ,350,15.5,0.5,0.5,12,16,6,225,3,300
R_2VNNhBGehdonbZz,R1.3r,1,1,2100,41,600,9,,,,,6,225,3,300
R_2VNNhBGehdonbZz,R1.3r,3,0,2400, ,350,15.5,0.5,0.5,10,18,6,225,3,300
R_1QxRa8toRQSeS9H,R2.5s,1,1,2100,35,550,8,,,,,5,225,4,42
R_1QxRa8toRQSeS9H,R2.5s,3,0,2200, ,400,11.5,0.9,0.1,16,20,5,225,4,42
R_1QxRa8toRQSeS9H,R2.5r,1,0,2100,35,550,8,,,,,5,225,4,42
R_1QxRa8toRQSeS9H,R2.5r,3,1,2200, ,400,11.5,0.9,0.1,14,22,5,225,4,42
R_2WU5z5Gvih7fF4y,R2.4s,1,0,1800,51,700,13,,,,,7,325,4,42
R_2WU5z5Gvih7fF4y,R2.4s,3,1,1900, ,500,18,0.7,0.3,24,28,7,325,4,42
R_2WU5z5Gvih7fF4y,R2.4r,1,0,1800,51,700,13,,,,,7,325,4,42
R_2WU5z5Gvih7fF4y,R2.4r,3,1,1900, ,500,18,0.7,0.3,22,30,7,325,4,42
R_3gLTaBYqzmNDOJF,R2.3s,1,0,1800,43,700,11,,,,,7,275,3,42
R_3gLTaBYqzmNDOJF,R2.3s,3,1,1900, ,500,15.5,0.5,0.5,20,24,7,275,3,42
R_3gLTaBYqzmNDOJF,R2.3r,1,0,1800,43,700,11,,,,,7,275,3,42
R_3gLTaBYqzmNDOJF,R2.3r,3,1,1900, ,500,15.5,0.5,0.5,18,26,7,275,3,42
R_DU0d0u36ot5BLGh,R2.2s,1,0,1800,51,700,13,,,,,7,325,3,156
R_DU0d0u36ot5BLGh,R2.2s,3,1,1900, ,500,18,0.3,0.7,24,28,7,325,3,156
R_DU0d0u36ot5BLGh,R2.2r,1,0,1800,51,700,13,,,,,7,325,3,156
R_DU0d0u36ot5BLGh,R2.2r,3,1,1900, ,500,18,0.3,0.7,22,30,7,325,3,156
R_2ccFjE8sefA9Doe,R2.4s,1,0,2100,34,600,10.5,,,,,7,225,4,54
R_2ccFjE8sefA9Doe,R2.4s,3,1,2200, ,400,16,0.7,0.3,15,19,7,225,4,54
R_2ccFjE8sefA9Doe,R2.4r,1,1,2100,34,600,10.5,,,,,7,225,4,54
R_2ccFjE8sefA9Doe,R2.4r,3,0,2200, ,400,16,0.7,0.3,13,21,7,225,4,54
R_1F4CTu4uiFYPg4V,R2.1s,1,0,2100,73,700,17,,,,,7,425,4,18
R_1F4CTu4uiFYPg4V,R2.1s,3,1,2200, ,500,24,0.1,0.9,35,39,7,425,4,18
R_1F4CTu4uiFYPg4V,R2.1r,1,0,2100,73,700,17,,,,,7,425,4,18
R_1F4CTu4uiFYPg4V,R2.1r,3,1,2200, ,500,24,0.1,0.9,33,41,7,425,4,18
R_3Ey7mI0EngfhoWa,R2.1s,1,0,1800,43,700,9.5,,,,,6,275,3,42
R_3Ey7mI0EngfhoWa,R2.1s,3,1,1900, ,500,13,0.1,0.9,20,24,6,275,3,42
R_3Ey7mI0EngfhoWa,R2.1r,1,0,1800,43,700,9.5,,,,,6,275,3,42
R_3Ey7mI0EngfhoWa,R2.1r,3,1,1900, ,500,13,0.1,0.9,18,26,6,275,3,42
R_af3f82vo74lpXbz,R1.1s,1,0,2100,41,550,10,,,,,6,225,3,30
R_af3f82vo74lpXbz,R1.1s,3,1,2300, ,350,15.5,0.1,0.9,12,16,6,225,3,30
R_af3f82vo74lpXbz,R1.1r,1,1,2100,41,550,10,,,,,6,225,3,30
R_af3f82vo74lpXbz,R1.1r,3,0,2300, ,350,15.5,0.1,0.9,10,18,6,225,3,30
R_2X5tnSiTLf4FqVp,R1.5s,1,1,1800,40,750,9,,,,,6,275,4,30
R_2X5tnSiTLf4FqVp,R1.5s,3,0,2000, ,450,14.5,0.9,0.1,15,19,6,275,4,30
R_2X5tnSiTLf4FqVp,R1.5r,1,1,1800,40,750,9,,,,,6,275,4,30
R_2X5tnSiTLf4FqVp,R1.5r,3,0,2000, ,450,14.5,0.9,0.1,13,21,6,275,4,30
R_BVOBwGYfS2lgj2F,R2.3s,1,1,2100,46,600,13,,,,,7,275,4,156
R_BVOBwGYfS2lgj2F,R2.3s,3,0,2200, ,400,19.5,0.5,0.5,21,25,7,275,4,156
R_BVOBwGYfS2lgj2F,R2.3r,1,1,2100,46,600,13,,,,,7,275,4,156
R_BVOBwGYfS2lgj2F,R2.3r,3,0,2200, ,400,19.5,0.5,0.5,19,27,7,275,4,156
R_xGlaxfVB8Z156zD,R1.4s,1,0,2100,38,600,9,,,,,6,225,4,96
R_xGlaxfVB8Z156zD,R1.4s,3,1,2400, ,350,15.5,0.7,0.3,12,16,6,225,4,96
R_xGlaxfVB8Z156zD,R1.4r,1,0,2100,38,600,9,,,,,6,225,4,96
R_xGlaxfVB8Z156zD,R1.4r,3,1,2400, ,350,15.5,0.7,0.3,10,18,6,225,4,96
R_1mrRNeg5c7sLslV,R2.5s,1,0,1800,47,650,12,,,,,7,275,3,54
R_1mrRNeg5c7sLslV,R2.5s,3,1,1900, ,450,17,0.9,0.1,22,26,7,275,3,54
R_1mrRNeg5c7sLslV,R2.5r,1,0,1800,47,650,12,,,,,7,275,3,54
R_1mrRNeg5c7sLslV,R2.5r,3,1,1900, ,450,17,0.9,0.1,20,28,7,275,3,54
R_1iezLp7wI4NBtHv,R2.2s,1,1,2400,35,650,8.5,,,,,6,225,3,276
R_1iezLp7wI4NBtHv,R2.2s,3,0,2500, ,450,12,0.3,0.7,16,20,6,225,3,276
R_1iezLp7wI4NBtHv,R2.2r,1,1,2400,35,650,8.5,,,,,6,225,3,276
R_1iezLp7wI4NBtHv,R2.2r,3,0,2500, ,450,12,0.3,0.7,14,22,6,225,3,276
R_1OoyMgQAwaLyqx4,R2.4s,1,1,3000,40,700,13,,,,,7,325,4,54
R_1OoyMgQAwaLyqx4,R2.4s,3,0,3150, ,500,18,0.7,0.3,18,22,7,325,4,54
R_1OoyMgQAwaLyqx4,R2.4r,1,1,3000,40,700,13,,,,,7,325,4,54
R_1OoyMgQAwaLyqx4,R2.4r,3,0,3150, ,500,18,0.7,0.3,16,24,7,325,4,54
R_31NSMgHBfFb4ucH,R2.2s,1,1,3000,50,600,13,,,,,7,275,4,300
R_31NSMgHBfFb4ucH,R2.2s,3,0,3150, ,400,19.5,0.3,0.7,23,27,7,275,4,300
R_31NSMgHBfFb4ucH,R2.2r,1,1,3000,50,600,13,,,,,7,275,4,300
R_31NSMgHBfFb4ucH,R2.2r,3,0,3150, ,400,19.5,0.3,0.7,21,29,7,275,4,300
R_sRwCkq2S5G29oGt,R1.3s,1,0,1800,32,600,7,,,,,6,175,3,18
R_sRwCkq2S5G29oGt,R1.3s,3,1,2000, ,350,12,0.5,0.5,9,13,6,175,3,18
R_sRwCkq2S5G29oGt,R1.3r,1,0,1800,32,600,7,,,,,6,175,3,18
R_sRwCkq2S5G29oGt,R1.3r,3,1,2000, ,350,12,0.5,0.5,7,15,6,175,3,18
R_2aIzlyrSySohziM,R2.1s,1,0,1800,56,800,13,,,,,7,375,2,30
R_2aIzlyrSySohziM,R2.1s,3,1,1900, ,550,19,0.1,0.9,26,30,7,375,2,30
R_2aIzlyrSySohziM,R2.1r,1,0,1800,56,800,13,,,,,7,375,2,30
R_2aIzlyrSySohziM,R2.1r,3,1,1900, ,550,19,0.1,0.9,24,32,7,375,2,30
R_1N98eaAakOB0Cce,R2.5s,1,0,1800,59,700,15,,,,,7,375,4,30
R_1N98eaAakOB0Cce,R2.5s,3,1,1900, ,500,21,0.9,0.1,28,32,7,375,4,30
R_1N98eaAakOB0Cce,R2.5r,1,0,1800,59,700,15,,,,,7,375,4,30
R_1N98eaAakOB0Cce,R2.5r,3,1,1900, ,500,21,0.9,0.1,26,34,7,375,4,30
R_sLpr4guzmP5ixvr,R2.4s,1,0,2100,60,750,14,,,,,7,375,4,30
R_sLpr4guzmP5ixvr,R2.4s,3,1,2200, ,550,19,0.7,0.3,28,32,7,375,4,30
R_sLpr4guzmP5ixvr,R2.4r,1,0,2100,60,750,14,,,,,7,375,4,30
R_sLpr4guzmP5ixvr,R2.4r,3,1,2200, ,550,19,0.7,0.3,26,34,7,375,4,30
